Date,Numbers,Lucky Stars,Payouts
Friday 30th Dec 2016,"8, 10, 22, 29, 47","1, 3","£14,538,400
Rolled"
Tuesday 27th Dec 2016,"3, 22, 25, 32, 39","7, 12","£21,534,783"
Friday 23rd Dec 2016,"4, 16, 20, 39, 46","2, 5","£14,487,400
Rolled"
Tuesday 20th Dec 2016,"13, 15, 17, 21, 27","2, 3","£51,875,129"
Friday 16th Dec 2016,"6, 10, 30, 41, 45","4, 11","£43,003,166
Rolled"
Tuesday 13th Dec 2016,"14, 28, 29, 48, 50","2, 8","£32,050,401
Rolled"
Friday 9th Dec 2016,"6, 12, 28, 37, 40","1, 5","£24,450,957
Rolled"
Tuesday 6th Dec 2016,"1, 7, 11, 27, 45","4, 9","£14,392,200
Rolled"
Friday 2nd Dec 2016,"6, 11, 23, 31, 32","2, 12","£24,662,130"
Tuesday 29th Nov 2016,"21, 26, 27, 28, 38","9, 11","£14,494,200
Rolled"
Friday 25th Nov 2016,"5, 11, 17, 23, 28","10, 11","£52,019,424"
Tuesday 22nd Nov 2016,"5, 10, 33, 34, 47","2, 10","£40,546,633
Rolled"
Friday 18th Nov 2016,"3, 12, 27, 32, 47","6, 8","£32,720,430
Rolled"
Tuesday 15th Nov 2016,"7, 15, 36, 42, 48","3, 7","£22,092,234
Rolled"
Friday 11th Nov 2016,"3, 22, 23, 38, 49","2, 9","£14,648,900
Rolled"
Tuesday 8th Nov 2016,"5, 9, 47, 49, 50","8, 9","£35,072,281"
Friday 4th Nov 2016,"7, 11, 12, 44, 48","3, 7","£26,830,014
Rolled"
Tuesday 1st Nov 2016,"6, 10, 20, 29, 37","1, 9",-
Friday 28th Oct 2016,"10, 16, 19, 23, 43","2, 8","£15,667,698"
Tuesday 25th Oct 2016,"3, 15, 20, 21, 28","1, 5","£44,777,159"
Friday 21st Oct 2016,"9, 20, 23, 44, 48","8, 10",-
Tuesday 18th Oct 2016,"2, 17, 21, 25, 27","6, 9",-
Friday 14th Oct 2016,"7, 13, 19, 31, 34","1, 11","£15,330,600
Rolled"
Tuesday 11th Oct 2016,"5, 12, 20, 24, 37","4, 11",-
Friday 7th Oct 2016,"2, 12, 20, 27, 30","9, 11","£140,104,641
Rolled"
Tuesday 4th Oct 2016,"4, 7, 14, 34, 38","4, 11","£124,041,722
Rolled"
Friday 30th Sep 2016,"17, 35, 37, 43, 44","2, 10","£112,697,000
Rolled"
Tuesday 27th Sep 2016,"6, 9, 13, 39, 41","2, 12","£14,671,000
Rolled"
Friday 23rd Sep 2016,"14, 16, 39, 42, 49","3, 9","£20,683,054"
Tuesday 20th Sep 2016,"1, 4, 10, 41, 45","6, 9","£12,900,000
Rolled"
Friday 16th Sep 2016,"5, 8, 14, 22, 32","2, 11","£34,037,587.40"
Tuesday 13th Sep 2016,"4, 7, 16, 35, 44","1, 3","£25,859,082
Rolled"
Friday 9th Sep 2016,"4, 11, 15, 17, 28","1, 3","£20,243,965
Rolled"
Tuesday 6th Sep 2016,"12, 24, 30, 34, 45","7, 10","£12,579,000
Rolled"
Friday 2nd Sep 2016,"8, 16, 32, 40, 50","2, 11","£32,837,521.50"
Tuesday 30th Aug 2016,"13, 16, 29, 35, 42","6, 8","£25,605,853
Rolled"
Friday 26th Aug 2016,"1, 9, 28, 30, 48","7, 8","£20,257,321
Rolled"
Tuesday 23rd Aug 2016,"2, 23, 31, 37, 45","4, 8","£12,870,000
Rolled"
Friday 19th Aug 2016,"5, 6, 22, 25, 34","5, 7","£47,566,032"
Tuesday 16th Aug 2016,"2, 26, 34, 37, 46","4, 8","£39,327,773
Rolled"
Friday 12th Aug 2016,"2, 15, 28, 36, 50","2, 11","£33,820,376
Rolled"
Tuesday 9th Aug 2016,"12, 19, 43, 44, 45","5, 10","£25,724,734
Rolled"
Friday 5th Aug 2016,"16, 19, 24, 35, 37","2, 7","£20,140,295
Rolled"
Tuesday 2nd Aug 2016,"2, 8, 27, 38, 46","2, 6","£12,612,000
Rolled"
Friday 29th Jul 2016,"1, 21, 26, 40, 50","2, 4","£61,102,442.90"
Tuesday 26th Jul 2016,"3, 10, 13, 45, 49","2, 11","£51,731,973
Rolled"
Friday 22nd Jul 2016,"7, 24, 26, 37, 45","5, 9","£45,790,415
Rolled"
Tuesday 19th Jul 2016,"19, 24, 28, 36, 37","3, 6","£38,223,590
Rolled"
Friday 15th Jul 2016,"2, 11, 13, 14, 21","1, 8","£32,611,251
Rolled"
Tuesday 12th Jul 2016,"3, 7, 26, 33, 41","2, 10","£25,081,394
Rolled"
Friday 8th Jul 2016,"8, 12, 18, 33, 44","4, 8","£20,261,530
Rolled"
Tuesday 5th Jul 2016,"1, 10, 29, 38, 48","3, 4","£12,760,500
Rolled"
Friday 1st Jul 2016,"2, 11, 13, 40, 50","1, 10","£20,022,696"
Tuesday 28th Jun 2016,"26, 32, 37, 43, 49","4, 5","£12,448,500
Rolled"
Friday 24th Jun 2016,"11, 19, 27, 28, 39","3, 10","£32,395,415"
Tuesday 21st Jun 2016,"5, 17, 32, 35, 49","1, 5","£23,371,931
Rolled"
Friday 17th Jun 2016,"1, 7, 18, 27, 43","4, 8","£18,818,757
Rolled"
Tuesday 14th Jun 2016,"13, 34, 39, 42, 50","9, 11","£11,928,000
Rolled"
Friday 10th Jun 2016,"14, 21, 35, 42, 43","7, 9","£67,227,348"
Tuesday 7th Jun 2016,"19, 26, 35, 45, 49","2, 5","£57,100,579
Rolled"
Friday 3rd Jun 2016,"7, 23, 31, 33, 39","6, 10","£50,611,162
Rolled"
Tuesday 31st May 2016,"6, 12, 26, 30, 48","6, 7","£41,708,725
Rolled"
Friday 27th May 2016,"13, 25, 27, 43, 46","4, 8","£35,790,545
Rolled"
Tuesday 24th May 2016,"16, 17, 23, 34, 37","6, 9","£28,279,072
Rolled"
Friday 20th May 2016,"9, 14, 30, 41, 45","4, 9","£23,593,583
Rolled"
Tuesday 17th May 2016,"15, 27, 32, 36, 39","3, 10","£16,625,472
Rolled"
Friday 13th May 2016,"7, 15, 28, 31, 42","10, 11","£11,811,000
Rolled"
Tuesday 10th May 2016,"2, 26, 27, 40, 49","5, 10","£57,525,794"
Friday 6th May 2016,"32, 34, 40, 45, 48","1, 10","£51,342,488
Rolled"
Tuesday 3rd May 2016,"8, 23, 24, 34, 38","3, 7","£43,360,228
Rolled"
Friday 29th Apr 2016,"4, 5, 25, 28, 43","6, 11","£37,275,721
Rolled"
Tuesday 26th Apr 2016,"10, 17, 31, 32, 42","2, 5","£28,958,268
Rolled"
Friday 22nd Apr 2016,"17, 26, 32, 34, 43","2, 10","£23,868,937
Rolled"
Tuesday 19th Apr 2016,"11, 14, 15, 27, 44","2, 7","£16,895,105
Rolled"
Friday 15th Apr 2016,"13, 14, 32, 37, 48","1, 7","£11,932,500
Rolled"
Tuesday 12th Apr 2016,"1, 5, 9, 22, 38","2, 10","£51,818,873.70"
Friday 8th Apr 2016,"6, 8, 26, 43, 49","6, 10","£46,258,071
Rolled"
Tuesday 5th Apr 2016,"3, 5, 9, 19, 40","2, 5","£37,762,659
Rolled"
Friday 1st Apr 2016,"2, 16, 23, 25, 49","6, 9","£31,942,807
Rolled"
Tuesday 29th Mar 2016,"1, 4, 19, 25, 36","3, 11","£23,722,612
Rolled"
Friday 25th Mar 2016,"12, 19, 36, 42, 43","5, 8","£18,978,724
Rolled"
Tuesday 22nd Mar 2016,"12, 15, 26, 42, 49","5, 8","£11,845,500
Rolled"
Friday 18th Mar 2016,"14, 19, 21, 24, 49","5, 11","£46,514,105"
Tuesday 15th Mar 2016,"5, 7, 10, 34, 44","2, 10","£38,751,467
Rolled"
Friday 11th Mar 2016,"1, 21, 26, 40, 43","6, 9","£32,729,736
Rolled"
Tuesday 8th Mar 2016,"1, 8, 9, 14, 23","1, 7","£24,864,878
Rolled"
Friday 4th Mar 2016,"9, 14, 16, 23, 40","1, 5","£19,432,742
Rolled"
Tuesday 1st Mar 2016,"4, 7, 13, 28, 37","10, 11","£11,698,500
Rolled"
Friday 26th Feb 2016,"5, 13, 15, 33, 50","9, 11","£11,842,500"
Tuesday 23rd Feb 2016,"23, 25, 32, 37, 42","1, 11","£24,605,103"
Friday 19th Feb 2016,"13, 14, 30, 32, 39","3, 9","£19,006,842
Rolled"
Tuesday 16th Feb 2016,"3, 10, 22, 37, 50","6, 10","£11,700,000
Rolled"
Friday 12th Feb 2016,"3, 20, 28, 31, 49","2, 5","£24,769,931.90"
Tuesday 9th Feb 2016,"6, 9, 13, 28, 37","4, 5","£17,090,950
Rolled"
Friday 5th Feb 2016,"3, 27, 32, 41, 46","4, 8","£11,541,000
Rolled"
Tuesday 2nd Feb 2016,"6, 9, 10, 21, 36","2, 6","£11,373,000"
Friday 29th Jan 2016,"1, 5, 23, 29, 32","1, 7","£100,765,091"
Tuesday 26th Jan 2016,"15, 24, 38, 40, 48","2, 9","£87,892,394
Rolled"
Friday 22nd Jan 2016,"10, 12, 27, 30, 47","8, 9","£79,365,304
Rolled"
Tuesday 19th Jan 2016,"2, 30, 38, 43, 46","2, 7","£70,146,761
Rolled"
Friday 15th Jan 2016,"10, 19, 38, 43, 46","1, 11","£62,768,100
Rolled"
Tuesday 12th Jan 2016,"1, 2, 10, 30, 44","1, 8","£52,409,215
Rolled"
Friday 8th Jan 2016,"5, 26, 33, 35, 40","3, 8","£46,235,544
Rolled"
Tuesday 5th Jan 2016,"6, 10, 31, 36, 39","6, 10","£36,601,816
Rolled"
Friday 1st Jan 2016,"4, 37, 38, 39, 44","4, 7","£31,339,370
Rolled"
Friday 29th Dec 2017,"4, 8, 22, 23, 48","1, 12","£34,588,069"
Tuesday 26th Dec 2017,"4, 17, 30, 43, 44","2, 10","£21,951,423
Rolled"
Friday 22nd Dec 2017,"5, 24, 30, 31, 43","3, 6","£15,089,200
Rolled"
Tuesday 19th Dec 2017,"8, 15, 30, 38, 46","4, 7","£119,876,081"
Friday 15th Dec 2017,"25, 30, 31, 42, 50","2, 11","£111,674,784
Rolled"
Tuesday 12th Dec 2017,"20, 37, 39, 44, 50","4, 8","£101,938,670
Rolled"
Friday 8th Dec 2017,"4, 22, 30, 32, 34","3, 4","£94,304,641
Rolled"
Tuesday 5th Dec 2017,"11, 36, 43, 44, 48","2, 7","£85,788,778
Rolled"
Friday 1st Dec 2017,"5, 24, 29, 35, 46","11, 12","£79,577,293
Rolled"
Tuesday 28th Nov 2017,"1, 6, 12, 18, 42","2, 7","£71,866,782
Rolled"
Friday 24th Nov 2017,"19, 24, 28, 30, 50","3, 10","£66,743,323
Rolled"
Tuesday 21st Nov 2017,"2, 10, 14, 28, 31","5, 7","£54,215,274
Rolled"
Friday 17th Nov 2017,"20, 26, 35, 36, 42","5, 12","£46,135,062
Rolled"
Tuesday 14th Nov 2017,"14, 16, 39, 40, 41","8, 10","£34,502,478
Rolled"
Friday 10th Nov 2017,"13, 22, 29, 36, 37","1, 9","£26,361,644
Rolled"
Tuesday 7th Nov 2017,"7, 19, 20, 37, 41","2, 12","£14,970,200
Rolled"
Friday 3rd Nov 2017,"5, 12, 17, 33, 41","4, 9","£25,476,778.30"
Tuesday 31st Oct 2017,"1, 12, 36, 43, 46","3, 5","£14,919,200
Rolled"
Friday 27th Oct 2017,"3, 16, 23, 32, 39","1, 4","£15,011,000"
Tuesday 24th Oct 2017,"9, 11, 13, 27, 33","7, 10","£58,670,142"
Friday 20th Oct 2017,"4, 17, 23, 27, 30","3, 8","£49,712,130
Rolled"
Tuesday 17th Oct 2017,"13, 17, 19, 26, 36","2, 3","£37,871,775
Rolled"
Friday 13th Oct 2017,"23, 29, 37, 45, 50","5, 11","£29,491,384
Rolled"
Tuesday 10th Oct 2017,"4, 21, 34, 36, 37","3, 6","£15,209,900
Rolled"
Friday 6th Oct 2017,"1, 9, 15, 19, 25","1, 7","£170,810,000"
Tuesday 3rd Oct 2017,"6, 24, 32, 48, 50","1, 5","£168,701,000
Rolled"
Friday 29th Sep 2017,"7, 18, 19, 32, 48","3, 7","£157,898,325
Rolled"
Tuesday 26th Sep 2017,"1, 29, 40, 41, 48","6, 12","£143,626,132
Rolled"
Friday 22nd Sep 2017,"6, 11, 31, 39, 42","1, 3","£134,911,784
Rolled"
Tuesday 19th Sep 2017,"1, 8, 21, 30, 45","2, 3","£123,904,174
Rolled"
Friday 15th Sep 2017,"13, 18, 37, 44, 49","9, 12","£114,504,000
Rolled"
Tuesday 12th Sep 2017,"10, 17, 27, 29, 35","4, 11","£33,717,075
Rolled"
Friday 8th Sep 2017,"9, 24, 42, 47, 49","1, 5","£25,993,675
Rolled"
Tuesday 5th Sep 2017,"6, 9, 18, 28, 29","1, 9","£15,560,100
Rolled"
Friday 1st Sep 2017,"3, 7, 8, 14, 49","5, 8","£25,914,013"
Tuesday 29th Aug 2017,"4, 12, 15, 32, 38","1, 5","£15,767,500
Rolled"
Friday 25th Aug 2017,"1, 5, 7, 15, 47","9, 12","£15,735,200"
Tuesday 22nd Aug 2017,"3, 10, 12, 17, 27","3, 5","£40,510,685"
Friday 18th Aug 2017,"2, 24, 39, 42, 45","2, 8","£32,520,149
Rolled"
Tuesday 15th Aug 2017,"10, 14, 30, 35, 46","4, 10","£22,117,219
Rolled"
Friday 11th Aug 2017,"18, 28, 39, 46, 48","5, 12","£15,449,600
Rolled"
Tuesday 8th Aug 2017,"15, 25, 26, 40, 41","4, 5","£33,089,644"
Friday 4th Aug 2017,"29, 30, 36, 40, 41","2, 9","£25,529,274
Rolled"
Tuesday 1st Aug 2017,"14, 21, 24, 29, 30","8, 10","£15,208,200
Rolled"
Friday 28th Jul 2017,"5, 9, 29, 31, 41","2, 4","£51,702,049"
Tuesday 25th Jul 2017,"12, 14, 43, 44, 48","2, 11","£40,445,365
Rolled"
Friday 21st Jul 2017,"1, 8, 9, 26, 49","5, 9","£32,874,047
Rolled"
Tuesday 18th Jul 2017,"1, 25, 27, 41, 45","5, 7","£22,265,567
Rolled"
Friday 14th Jul 2017,"11, 14, 20, 21, 47","7, 10","£14,900,500
Rolled"
Tuesday 11th Jul 2017,"14, 22, 26, 42, 50","8, 10","£15,189,500"
Friday 7th Jul 2017,"11, 20, 35, 37, 45","3, 6","£25,663,715"
Tuesday 4th Jul 2017,"10, 22, 25, 37, 49","5, 8","£14,943,000
Rolled"
Friday 30th Jun 2017,"17, 35, 39, 47, 50","6, 8","£87,570,000"
Tuesday 27th Jun 2017,"9, 17, 21, 28, 45","1, 3","£70,127,201
Rolled"
Friday 23rd Jun 2017,"3, 4, 21, 31, 38","3, 7","£64,082,100
Rolled"
Tuesday 20th Jun 2017,"11, 18, 26, 43, 44","8, 10","£52,594,374
Rolled"
Friday 16th Jun 2017,"15, 17, 38, 41, 42","9, 12","£44,150,291
Rolled"
Tuesday 13th Jun 2017,"3, 12, 22, 27, 49","4, 11","£33,506,785
Rolled"
Friday 9th Jun 2017,"9, 20, 27, 39, 43","10, 11","£25,684,767
Rolled"
Tuesday 6th Jun 2017,"20, 22, 25, 37, 40","3, 7","£14,866,500
Rolled"
Friday 2nd Jun 2017,"8, 10, 24, 33, 42","3, 9","£134,808,762"
Tuesday 30th May 2017,"7, 12, 27, 38, 48","6, 9","£121,851,562
Rolled"
Friday 26th May 2017,"5, 7, 26, 36, 39","2, 10","£113,475,960
Rolled"
Tuesday 23rd May 2017,"8, 15, 25, 27, 42","1, 4","£102,101,430
Rolled"
Friday 19th May 2017,"9, 11, 12, 19, 30","4, 9","£93,927,013
Rolled"
Tuesday 16th May 2017,"8, 11, 15, 20, 30","3, 8","£84,319,251
Rolled"
Friday 12th May 2017,"2, 20, 28, 29, 44","3, 9","£76,813,393
Rolled"
Tuesday 9th May 2017,"8, 12, 16, 22, 26","6, 7","£68,249,429
Rolled"
Friday 5th May 2017,"3, 7, 30, 35, 43","1, 3","£63,162,406
Rolled"
Tuesday 2nd May 2017,"6, 19, 23, 25, 27","11, 12","£55,848,627
Rolled"
Friday 28th Apr 2017,"14, 20, 25, 30, 39","2, 8","£48,309,589
Rolled"
Tuesday 25th Apr 2017,"9, 11, 19, 32, 43","3, 9","£38,059,267
Rolled"
Friday 21st Apr 2017,"2, 13, 16, 22, 49","4, 5","£30,153,753
Rolled"
Tuesday 18th Apr 2017,"17, 22, 31, 38, 45","5, 12","£20,624,201
Rolled"
Friday 14th Apr 2017,"4, 14, 20, 23, 33","6, 10","£14,422,800
Rolled"
Tuesday 11th Apr 2017,"5, 21, 22, 31, 49","2, 8","£70,887,897"
Friday 7th Apr 2017,"2, 10, 19, 35, 50","6, 7","£65,668,144
Rolled"
Tuesday 4th Apr 2017,"1, 9, 24, 33, 34","2, 6","£58,513,592
Rolled"
Friday 31st Mar 2017,"17, 24, 26, 28, 45","4, 12","£49,849,009
Rolled"
Tuesday 28th Mar 2017,"9, 13, 31, 33, 46","6, 10","£39,630,350
Rolled"
Friday 24th Mar 2017,"2, 17, 21, 27, 34","5, 9","£31,918,888
Rolled"
Tuesday 21st Mar 2017,"1, 20, 23, 44, 47","4, 11","£21,818,290
Rolled"
Friday 17th Mar 2017,"6, 10, 19, 29, 36","3, 9","£14,742,400
Rolled"
Tuesday 14th Mar 2017,"3, 5, 21, 36, 44","3, 6","£70,386,999"
Friday 10th Mar 2017,"31, 36, 38, 47, 49","8, 11","£64,931,865
Rolled"
Tuesday 7th Mar 2017,"6, 37, 41, 48, 50","4, 5","£51,910,688
Rolled"
Friday 3rd Mar 2017,"2, 11, 29, 30, 47","1, 12","£43,311,596
Rolled"
Tuesday 28th Feb 2017,"10, 20, 31, 35, 42","2, 12","£31,923,442
Rolled"
Friday 24th Feb 2017,"2, 4, 13, 22, 43","8, 9","£24,449,171
Rolled"
Tuesday 21st Feb 2017,"13, 19, 41, 45, 49","3, 4","£14,383,700
Rolled"
Friday 17th Feb 2017,"19, 25, 33, 36, 48","2, 9","£14,509,500"
Tuesday 14th Feb 2017,"2, 10, 24, 40, 44","3, 10","£39,975,922.40"
Friday 10th Feb 2017,"7, 21, 26, 35, 43","2, 9","£32,204,121
Rolled"
Tuesday 7th Feb 2017,"4, 10, 31, 38, 44","8, 10","£21,809,971
Rolled"
Friday 3rd Feb 2017,"3, 4, 15, 46, 50","5, 9","£14,686,300
Rolled"
Tuesday 31st Jan 2017,"3, 4, 17, 23, 44","6, 9","£22,233,944"
Friday 27th Jan 2017,"17, 20, 28, 45, 48","5, 9","£14,495,900
Rolled"
Tuesday 24th Jan 2017,"1, 5, 7, 17, 23","3, 8","£76,052,175"
Friday 20th Jan 2017,"10, 17, 27, 31, 49","3, 5","£70,419,453
Rolled"
Tuesday 17th Jan 2017,"4, 16, 25, 43, 47","2, 10","£62,366,698
Rolled"
Friday 13th Jan 2017,"3, 7, 16, 26, 50","4, 7","£53,936,316
Rolled"
Tuesday 10th Jan 2017,"2, 11, 29, 35, 44","4, 9","£40,259,650
Rolled"
Friday 6th Jan 2017,"10, 14, 18, 21, 49","9, 11","£31,898,943
Rolled"
Tuesday 3rd Jan 2017,"19, 23, 27, 34, 49","1, 11","£21,591,336
Rolled"
Friday 28th Dec 2018,"13, 16, 34, 35, 45","10, 12","£108,543,762
Rolled"
Tuesday 25th Dec 2018,"4, 5, 8, 31, 43","2, 9","£99,026,381
Rolled"
Friday 21st Dec 2018,"2, 12, 15, 34, 50","3, 4","£92,134,454
Rolled"
Tuesday 18th Dec 2018,"1, 9, 18, 39, 48","5, 7","£83,057,501
Rolled"
Friday 14th Dec 2018,"12, 29, 38, 42, 44","2, 12","£76,884,342
Rolled"
Tuesday 11th Dec 2018,"4, 7, 13, 23, 42","1, 3","£69,712,546
Rolled"
Friday 7th Dec 2018,"11, 17, 26, 37, 48","1, 10","£63,478,325
Rolled"
Tuesday 4th Dec 2018,"19, 20, 21, 42, 45","8, 9","£51,799,990
Rolled"
Friday 30th Nov 2018,"3, 10, 12, 23, 26","1, 12","£43,374,190
Rolled"
Tuesday 27th Nov 2018,"4, 16, 17, 18, 32","2, 11","£32,439,819
Rolled"
Friday 23rd Nov 2018,"5, 8, 25, 26, 30","3, 10","£24,866,684
Rolled"
Tuesday 20th Nov 2018,"6, 19, 39, 45, 48","7, 12","£15,130,000
Rolled"
Friday 16th Nov 2018,"9, 10, 13, 28, 41","1, 12","£44,832,935"
Tuesday 13th Nov 2018,"2, 7, 10, 13, 42","3, 6","£33,184,923
Rolled"
Friday 9th Nov 2018,"14, 17, 32, 37, 49","11, 12","£25,702,466
Rolled"
Tuesday 6th Nov 2018,"14, 24, 36, 40, 43","2, 9","£14,832,500
Rolled"
Friday 2nd Nov 2018,"5, 15, 17, 37, 44","7, 11","£76,369,806"
Tuesday 30th Oct 2018,"17, 23, 27, 43, 44","1, 12","£70,193,991
Rolled"
Friday 26th Oct 2018,"5, 18, 21, 31, 35","6, 9","£64,245,817
Rolled"
Tuesday 23rd Oct 2018,"1, 2, 5, 21, 32","2, 12","£52,107,396
Rolled"
Friday 19th Oct 2018,"1, 3, 29, 47, 48","3, 12","£43,581,440
Rolled"
Tuesday 16th Oct 2018,"15, 28, 37, 40, 42","1, 6","£32,638,799
Rolled"
Friday 12th Oct 2018,"4, 9, 12, 31, 43","5, 8","£25,070,150
Rolled"
Tuesday 9th Oct 2018,"3, 12, 36, 44, 45","8, 11","£14,873,300
Rolled"
Friday 5th Oct 2018,"8, 16, 24, 26, 35","3, 11","£14,948,100"
Tuesday 2nd Oct 2018,"7, 17, 29, 37, 45","3, 11","£144,603,632"
Friday 28th Sep 2018,"2, 4, 8, 27, 50","2, 9","£135,382,686
Rolled"
Tuesday 25th Sep 2018,"6, 15, 20, 30, 38","4, 7","£124,411,811
Rolled"
Friday 21st Sep 2018,"5, 7, 21, 25, 37","3, 4","£116,870,000
Rolled"
Tuesday 18th Sep 2018,"3, 8, 10, 32, 45","4, 12","£40,651,934
Rolled"
Friday 14th Sep 2018,"1, 3, 33, 40, 45","3, 4","£32,776,219
Rolled"
Tuesday 11th Sep 2018,"9, 18, 32, 38, 46","2, 3","£22,382,447
Rolled"
Friday 7th Sep 2018,"4, 23, 27, 31, 50","1, 8","£15,216,700
Rolled"
Tuesday 4th Sep 2018,"5, 14, 28, 30, 47","4, 11","£40,979,973"
Friday 31st Aug 2018,"4, 30, 31, 38, 42","4, 6","£32,721,629
Rolled"
Tuesday 28th Aug 2018,"4, 16, 32, 42, 46","8, 12","£22,758,649
Rolled"
Friday 24th Aug 2018,"3, 14, 31, 36, 50","1, 12","£15,393,500
Rolled"
Tuesday 21st Aug 2018,"16, 23, 42, 43, 49","10, 12","£96,785,706"
Friday 17th Aug 2018,"2, 15, 18, 24, 43","8, 12","£89,766,677
Rolled"
Tuesday 14th Aug 2018,"1, 15, 18, 25, 31","9, 11","£81,090,231
Rolled"
Friday 10th Aug 2018,"18, 20, 36, 43, 44","3, 9","£75,029,181
Rolled"
Tuesday 7th Aug 2018,"16, 28, 29, 30, 36","8, 10","£67,719,962
Rolled"
Friday 3rd Aug 2018,"7, 26, 36, 38, 43","6, 12","£61,780,382
Rolled"
Tuesday 31st Jul 2018,"20, 25, 34, 42, 45","6, 11","£50,637,585
Rolled"
Friday 27th Jul 2018,"11, 17, 22, 23, 41","6, 11","£42,386,533
Rolled"
Tuesday 24th Jul 2018,"2, 4, 23, 39, 40","3, 9","£32,023,423
Rolled"
Friday 20th Jul 2018,"2, 15, 40, 43, 46","3, 6","£24,941,396
Rolled"
Tuesday 17th Jul 2018,"4, 6, 27, 48, 50","1, 11","£15,126,600
Rolled"
Friday 13th Jul 2018,"1, 4, 14, 21, 49","2, 12","£15,021,200"
Tuesday 10th Jul 2018,"3, 8, 26, 33, 45","7, 10","£57,975,367"
Friday 6th Jul 2018,"8, 30, 33, 38, 48","2, 10","£49,801,491
Rolled"
Tuesday 3rd Jul 2018,"1, 12, 15, 29, 48","3, 5","£39,091,736
Rolled"
Friday 29th Jun 2018,"15, 21, 23, 40, 48","3, 12","£31,647,298
Rolled"
Tuesday 26th Jun 2018,"15, 16, 20, 34, 50","4, 7","£21,730,843
Rolled"
Friday 22nd Jun 2018,"14, 25, 39, 41, 44","2, 8","£14,960,000
Rolled"
Tuesday 19th Jun 2018,"7, 19, 26, 42, 50","4, 9","£31,809,040"
Friday 15th Jun 2018,"23, 26, 33, 38, 49","1, 12","£24,560,828
Rolled"
Tuesday 12th Jun 2018,"7, 21, 23, 36, 38","6, 8","£14,954,900
Rolled"
Friday 8th Jun 2018,"8, 19, 32, 43, 46","2, 8","£14,931,100"
Tuesday 5th Jun 2018,"9, 15, 22, 39, 46","4, 5","£14,886,900"
Friday 1st Jun 2018,"17, 18, 24, 29, 40","4, 5","£69,944,630"
Tuesday 29th May 2018,"6, 11, 20, 38, 43","2, 4","£57,637,756
Rolled"
Friday 25th May 2018,"13, 15, 16, 28, 41","4, 5","£50,089,464
Rolled"
Tuesday 22nd May 2018,"1, 11, 37, 41, 48","8, 12","£39,384,424
Rolled"
Friday 18th May 2018,"5, 8, 10, 13, 31","3, 6","£32,040,070
Rolled"
Tuesday 15th May 2018,"4, 16, 20, 31, 39","2, 12","£22,065,747
Rolled"
Friday 11th May 2018,"3, 22, 34, 49, 50","8, 11","£15,004,200
Rolled"
Tuesday 8th May 2018,"17, 25, 35, 39, 44","2, 5","£39,948,586"
Friday 4th May 2018,"6, 12, 23, 39, 45","9, 12","£32,659,632
Rolled"
Tuesday 1st May 2018,"6, 15, 17, 42, 48","4, 6","£21,805,469
Rolled"
Friday 27th Apr 2018,"12, 24, 40, 41, 46","5, 12","£14,958,300
Rolled"
Tuesday 24th Apr 2018,"20, 23, 28, 30, 44","3, 7","£121,328,187"
Friday 20th Apr 2018,"3, 16, 25, 39, 44","7, 11","£114,010,000
Rolled"
Tuesday 17th Apr 2018,"15, 27, 33, 39, 50","4, 6","£22,289,222
Rolled"
Friday 13th Apr 2018,"5, 25, 34, 48, 50","6, 7","£14,740,700
Rolled"
Tuesday 10th Apr 2018,"14, 27, 39, 46, 48","11, 12","£14,829,100"
Friday 6th Apr 2018,"1, 29, 33, 45, 47","4, 8","£66,429,609"
Tuesday 3rd Apr 2018,"3, 8, 16, 40, 43","5, 8","£59,156,133
Rolled"
Friday 30th Mar 2018,"12, 17, 28, 35, 47","7, 11","£51,598,288
Rolled"
Tuesday 27th Mar 2018,"17, 20, 23, 40, 46","9, 10","£40,629,122
Rolled"
Friday 23rd Mar 2018,"5, 7, 11, 46, 50","8, 11","£32,771,739
Rolled"
Tuesday 20th Mar 2018,"26, 29, 37, 39, 44","9, 11","£22,265,427
Rolled"
Friday 16th Mar 2018,"4, 17, 24, 27, 31","10, 11","£14,992,300
Rolled"
Tuesday 13th Mar 2018,"9, 11, 13, 33, 49","6, 12","£54,643,467"
Friday 9th Mar 2018,"9, 14, 21, 32, 44","1, 12","£45,846,428
Rolled"
Tuesday 6th Mar 2018,"15, 20, 26, 31, 44","2, 9","£34,392,263
Rolled"
Friday 2nd Mar 2018,"2, 7, 34, 45, 48","1, 12","£26,096,672
Rolled"
Tuesday 27th Feb 2018,"3, 31, 41, 48, 50","8, 11","£14,956,600
Rolled"
Friday 23rd Feb 2018,"10, 17, 18, 28, 47","3, 7","£155,597,796.20"
Tuesday 20th Feb 2018,"6, 14, 19, 25, 29","5, 11","£142,157,622
Rolled"
Friday 16th Feb 2018,"10, 12, 23, 32, 50","4, 10","£133,365,227
Rolled"
Tuesday 13th Feb 2018,"10, 13, 17, 21, 44","1, 10","£123,305,866
Rolled"
Friday 9th Feb 2018,"22, 31, 36, 38, 44","1, 11","£114,539,544
Rolled"
Tuesday 6th Feb 2018,"8, 17, 28, 34, 38","6, 12","£104,423,108
Rolled"
Friday 2nd Feb 2018,"14, 34, 36, 39, 48","2, 3","£95,972,671
Rolled"
Tuesday 30th Jan 2018,"11, 15, 21, 27, 35","4, 5","£86,173,606
Rolled"
Friday 26th Jan 2018,"6, 15, 24, 28, 48","4, 9","£79,917,041
Rolled"
Tuesday 23rd Jan 2018,"5, 8, 9, 23, 24","7, 8","£71,872,851
Rolled"
Friday 19th Jan 2018,"3, 8, 17, 44, 50","2, 7","£66,212,715
Rolled"
Tuesday 16th Jan 2018,"20, 23, 31, 34, 46","3, 12","£54,434,216
Rolled"
Friday 12th Jan 2018,"13, 21, 23, 30, 45","4, 6","£45,394,452
Rolled"
Tuesday 9th Jan 2018,"6, 12, 15, 38, 49","2, 9","£33,484,288
Rolled"
Friday 5th Jan 2018,"2, 5, 20, 38, 41","4, 8","£25,687,589
Rolled"
Tuesday 2nd Jan 2018,"10, 20, 21, 28, 48","1, 8","£15,084,100
Rolled"
Tuesday 31st Dec 2019,"26, 31, 33, 41, 48","2, 4","£44,717,396
Rolled"
Friday 27th Dec 2019,"1, 7, 22, 26, 35","5, 10","£33,089,326
Rolled"
Tuesday 24th Dec 2019,"3, 11, 13, 14, 47","3, 6","£23,534,756
Rolled"
Friday 20th Dec 2019,"8, 24, 30, 32, 34","3, 4","£14,484,000
Rolled"
Tuesday 17th Dec 2019,"1, 7, 12, 25, 49","6, 9","£41,621,418"
Friday 13th Dec 2019,"9, 16, 18, 23, 32","2, 10","£32,875,644
Rolled"
Tuesday 10th Dec 2019,"2, 10, 19, 21, 47","2, 8","£21,715,889
Rolled"
Friday 6th Dec 2019,"1, 3, 27, 39, 46","1, 10","£14,319,100
Rolled"
Tuesday 3rd Dec 2019,"18, 31, 32, 38, 48","4, 12","£40,957,696.60"
Friday 29th Nov 2019,"3, 7, 12, 42, 50","6, 8","£32,747,133
Rolled"
Tuesday 26th Nov 2019,"2, 3, 15, 19, 34","5, 8","£22,196,254
Rolled"
Friday 22nd Nov 2019,"3, 21, 32, 34, 48","3, 11","£14,608,100
Rolled"
Tuesday 19th Nov 2019,"8, 10, 15, 30, 42","4, 6","£105,100,701.90"
Friday 15th Nov 2019,"3, 13, 20, 32, 34","4, 11","£98,311,223
Rolled"
Tuesday 12th Nov 2019,"1, 21, 23, 25, 39","2, 4","£89,866,288
Rolled"
Friday 8th Nov 2019,"8, 17, 20, 23, 45","2, 8","£84,012,704
Rolled"
Tuesday 5th Nov 2019,"9, 14, 25, 33, 48","2, 12","£74,873,475
Rolled"
Friday 1st Nov 2019,"2, 20, 39, 44, 48","5, 7","£69,286,018
Rolled"
Tuesday 29th Oct 2019,"16, 18, 28, 42, 49","5, 10","£62,293,451
Rolled"
Friday 25th Oct 2019,"34, 37, 39, 40, 50","4, 10","£53,313,310
Rolled"
Tuesday 22nd Oct 2019,"2, 5, 32, 33, 47","7, 8","£41,922,445
Rolled"
Friday 18th Oct 2019,"8, 18, 22, 41, 42","11, 12","£33,536,983
Rolled"
Tuesday 15th Oct 2019,"3, 28, 31, 32, 34","4, 5","£22,772,993
Rolled"
Friday 11th Oct 2019,"2, 14, 19, 42, 45","5, 6","£14,830,800
Rolled"
Tuesday 8th Oct 2019,"7, 10, 15, 44, 49","3, 12","£170,221,000"
Friday 4th Oct 2019,"6, 9, 35, 41, 44","6, 9","£169,024,000
Rolled"
Tuesday 1st Oct 2019,"2, 11, 18, 40, 46","1, 4","£168,720,000
Rolled"
Friday 27th Sep 2019,"24, 37, 41, 43, 46","2, 8","£169,005,000
Rolled"
Tuesday 24th Sep 2019,"2, 33, 42, 47, 48","1, 2","£167,751,000
Rolled"
Friday 20th Sep 2019,"8, 21, 25, 38, 50","4, 8","£167,609,701
Rolled"
Tuesday 17th Sep 2019,"22, 37, 43, 44, 45","1, 12","£155,282,163
Rolled"
Friday 13th Sep 2019,"1, 12, 27, 42, 47","6, 7","£145,566,007
Rolled"
Tuesday 10th Sep 2019,"3, 22, 25, 30, 49","3, 6","£134,122,038
Rolled"
Friday 6th Sep 2019,"10, 13, 22, 40, 48","2, 5","£125,665,319
Rolled"
Tuesday 3rd Sep 2019,"7, 11, 38, 39, 44","7, 10","£116,404,085
Rolled"
Friday 30th Aug 2019,"25, 27, 45, 46, 49","4, 6","£107,759,330
Rolled"
Tuesday 27th Aug 2019,"8, 26, 35, 43, 47","1, 9","£97,958,413
Rolled"
Friday 23rd Aug 2019,"4, 17, 35, 42, 45","2, 8","£91,533,020
Rolled"
Tuesday 20th Aug 2019,"20, 22, 23, 24, 37","1, 4","£83,338,679
Rolled"
Friday 16th Aug 2019,"9, 10, 27, 37, 42","1, 5","£77,208,525
Rolled"
Tuesday 13th Aug 2019,"13, 29, 31, 33, 40","2, 3","£70,899,768
Rolled"
Friday 9th Aug 2019,"2, 14, 35, 41, 42","10, 11","£65,218,898
Rolled"
Tuesday 6th Aug 2019,"12, 13, 29, 36, 38","4, 12","£52,917,787
Rolled"
Friday 2nd Aug 2019,"13, 22, 33, 44, 50","2, 5","£43,958,121
Rolled"
Tuesday 30th Jul 2019,"15, 20, 23, 27, 40","3, 6","£33,364,792
Rolled"
Friday 26th Jul 2019,"2, 5, 27, 37, 42","3, 10","£25,032,609
Rolled"
Tuesday 23rd Jul 2019,"1, 14, 19, 23, 38","3, 7","£15,254,100
Rolled"
Friday 19th Jul 2019,"13, 14, 17, 26, 28","2, 7","£96,710,509"
Tuesday 16th Jul 2019,"3, 5, 13, 18, 39","7, 8","£88,185,562
Rolled"
Friday 12th Jul 2019,"2, 31, 39, 45, 47","4, 8","£81,180,289
Rolled"
Tuesday 9th Jul 2019,"7, 29, 32, 36, 41","6, 7","£73,547,916
Rolled"
Friday 5th Jul 2019,"2, 9, 20, 34, 42","6, 9","£67,458,174
Rolled"
Tuesday 2nd Jul 2019,"11, 19, 29, 44, 45","8, 12","£60,173,279
Rolled"
Friday 28th Jun 2019,"1, 3, 16, 33, 49","2, 11","£51,583,856
Rolled"
Tuesday 25th Jun 2019,"6, 26, 27, 34, 46","1, 9","£40,597,881
Rolled"
Friday 21st Jun 2019,"5, 8, 9, 25, 39","3, 7","£32,775,384
Rolled"
Tuesday 18th Jun 2019,"12, 24, 37, 40, 44","3, 7","£22,579,505
Rolled"
Friday 14th Jun 2019,"1, 13, 30, 31, 39","2, 7","£15,152,100
Rolled"
Tuesday 11th Jun 2019,"25, 27, 39, 42, 46","11, 12","£123,458,008"
Friday 7th Jun 2019,"1, 4, 16, 20, 34","2, 5","£115,726,000
Rolled"
Tuesday 4th Jun 2019,"9, 31, 32, 39, 41","2, 8","£22,504,557
Rolled"
Friday 31st May 2019,"1, 23, 24, 26, 35","1, 11","£15,034,800
Rolled"
Tuesday 28th May 2019,"7, 19, 20, 28, 29","1, 5","£57,674,610"
Friday 24th May 2019,"5, 16, 23, 30, 49","6, 7","£49,736,732
Rolled"
Tuesday 21st May 2019,"32, 33, 34, 39, 47","8, 12","£39,211,724
Rolled"
Friday 17th May 2019,"16, 28, 42, 43, 45","6, 7","£31,674,666
Rolled"
Tuesday 14th May 2019,"10, 14, 17, 25, 50","2, 10","£21,687,521
Rolled"
Friday 10th May 2019,"1, 4, 27, 45, 48","1, 7","£14,694,800
Rolled"
Tuesday 7th May 2019,"7, 20, 26, 32, 47","2, 11","£21,438,454"
Friday 3rd May 2019,"2, 9, 20, 27, 43","5, 6","£14,467,000
Rolled"
Tuesday 30th Apr 2019,"5, 12, 20, 26, 48","2, 11","£21,815,835"
Friday 26th Apr 2019,"14, 33, 35, 47, 50","9, 11","£14,682,900
Rolled"
Tuesday 23rd Apr 2019,"18, 23, 27, 42, 44","2, 7","£38,254,645.20"
Friday 19th Apr 2019,"7, 8, 32, 41, 49","5, 11","£31,273,852
Rolled"
Tuesday 16th Apr 2019,"1, 8, 15, 44, 49","2, 11","£21,879,091
Rolled"
Friday 12th Apr 2019,"1, 28, 35, 36, 46","6, 9","£14,701,600
Rolled"
Tuesday 9th Apr 2019,"18, 21, 29, 38, 41","1, 11","£68,329,653"
Friday 5th Apr 2019,"1, 7, 10, 29, 45","3, 5","£62,771,731
Rolled"
Tuesday 2nd Apr 2019,"2, 9, 16, 26, 36","6, 7","£50,833,887
Rolled"
Friday 29th Mar 2019,"13, 23, 26, 32, 47","6, 10","£43,015,001
Rolled"
Tuesday 26th Mar 2019,"12, 19, 23, 43, 47","2, 6","£32,010,911
Rolled"
Friday 22nd Mar 2019,"4, 17, 26, 30, 43","6, 11","£24,580,716
Rolled"
Tuesday 19th Mar 2019,"1, 6, 9, 34, 47","7, 12","£14,552,000
Rolled"
Friday 15th Mar 2019,"3, 15, 24, 42, 46","9, 12","£71,057,439"
Tuesday 12th Mar 2019,"5, 7, 13, 19, 31","2, 9","£64,356,515
Rolled"
Friday 8th Mar 2019,"17, 18, 19, 24, 40","4, 8","£55,265,839
Rolled"
Tuesday 5th Mar 2019,"6, 10, 16, 39, 46","8, 11","£43,294,160
Rolled"
Friday 1st Mar 2019,"6, 9, 19, 26, 31","11, 12","£35,148,482
Rolled"
Tuesday 26th Feb 2019,"3, 15, 29, 35, 47","3, 4","£22,256,333
Rolled"
Friday 22nd Feb 2019,"3, 27, 29, 33, 50","3, 7","£14,773,000
Rolled"
Tuesday 19th Feb 2019,"1, 8, 18, 19, 39","7, 9","£152,400,366"
Friday 15th Feb 2019,"15, 27, 34, 38, 49","2, 10","£144,375,567
Rolled"
Tuesday 12th Feb 2019,"6, 34, 36, 41, 50","1, 5","£133,312,302
Rolled"
Friday 8th Feb 2019,"11, 12, 13, 39, 46","7, 10","£123,991,632
Rolled"
Tuesday 5th Feb 2019,"14, 25, 31, 37, 43","2, 3","£113,958,151
Rolled"
Friday 1st Feb 2019,"3, 21, 26, 41, 46","1, 6","£105,204,000
Rolled"
Tuesday 29th Jan 2019,"14, 24, 26, 32, 39","3, 8","£75,051,591
Rolled"
Friday 25th Jan 2019,"1, 6, 13, 15, 16","6, 10","£68,153,942
Rolled"
Tuesday 22nd Jan 2019,"9, 23, 29, 41, 49","8, 10","£61,621,961
Rolled"
Friday 18th Jan 2019,"5, 6, 16, 30, 46","5, 10","£53,285,987
Rolled"
Tuesday 15th Jan 2019,"22, 25, 29, 33, 35","3, 6","£42,137,452
Rolled"
Friday 11th Jan 2019,"1, 19, 31, 39, 48","1, 6","£34,004,534
Rolled"
Tuesday 8th Jan 2019,"3, 19, 22, 31, 32","2, 11","£23,253,235
Rolled"
Friday 4th Jan 2019,"7, 11, 19, 27, 37","6, 10","£15,228,600
Rolled"
Tuesday 1st Jan 2019,"1, 8, 11, 25, 28","4, 6","£114,969,775"
Tuesday 29th Dec 2020,"7, 32, 39, 40, 45","3, 8","£25,557,847
Rolled"
Friday 25th Dec 2020,"16, 21, 27, 30, 32","3, 5","£15,595,800
Rolled"
Tuesday 22nd Dec 2020,"2, 10, 16, 42, 50","4, 11","£39,844,969"
Friday 18th Dec 2020,"2, 3, 13, 17, 21","7, 8","£28,785,119
Rolled"
Tuesday 15th Dec 2020,"9, 13, 21, 29, 35","1, 2","£15,398,600
Rolled"
Friday 11th Dec 2020,"6, 9, 13, 24, 41","3, 12","£183,120,000"
Tuesday 8th Dec 2020,"1, 4, 21, 24, 46","2, 12","£181,500,000
Rolled"
Friday 4th Dec 2020,"14, 20, 27, 34, 38","1, 11","£180,800,000
Rolled"
Tuesday 1st Dec 2020,"14, 20, 29, 47, 49","4, 12","£160,906,372
Rolled"
Friday 27th Nov 2020,"2, 5, 8, 14, 16","8, 9","£146,729,731
Rolled"
Tuesday 24th Nov 2020,"25, 33, 38, 42, 50","8, 12","£128,449,942
Rolled"
Friday 20th Nov 2020,"28, 29, 39, 48, 50","5, 7","£116,103,000
Rolled"
Tuesday 17th Nov 2020,"16, 19, 25, 30, 44","2, 6","£69,354,137
Rolled"
Friday 13th Nov 2020,"1, 5, 17, 28, 31","1, 10","£60,684,475
Rolled"
Tuesday 10th Nov 2020,"3, 19, 29, 32, 38","5, 12","£45,088,804
Rolled"
Friday 6th Nov 2020,"7, 12, 37, 40, 50","1, 2","£36,006,084
Rolled"
Tuesday 3rd Nov 2020,"5, 7, 18, 20, 30","6, 7","£23,844,506
Rolled"
Friday 30th Oct 2020,"12, 16, 20, 21, 28","3, 9","£15,301,700
Rolled"
Tuesday 27th Oct 2020,"13, 15, 28, 32, 44","3, 12","£79,315,197.70"
Friday 23rd Oct 2020,"10, 15, 19, 21, 23","3, 12","£70,979,568
Rolled"
Tuesday 20th Oct 2020,"5, 6, 15, 37, 42","3, 4","£59,778,232
Rolled"
Friday 16th Oct 2020,"15, 33, 38, 40, 50","3, 6","£49,383,832
Rolled"
Tuesday 13th Oct 2020,"5, 14, 38, 41, 46","1, 10","£36,618,665
Rolled"
Friday 9th Oct 2020,"11, 15, 35, 41, 50","5, 8","£27,489,353
Rolled"
Tuesday 6th Oct 2020,"4, 21, 36, 41, 47","9, 11","£15,485,300
Rolled"
Friday 2nd Oct 2020,"6, 12, 15, 40, 45","3, 9","£27,761,091"
Tuesday 29th Sep 2020,"4, 14, 16, 41, 44","11, 12","£15,531,200
Rolled"
Friday 25th Sep 2020,"19, 23, 34, 37, 45","1, 7","£118,729,000"
Tuesday 22nd Sep 2020,"16, 25, 28, 39, 40","1, 6","£71,063,522
Rolled"
Friday 18th Sep 2020,"2, 10, 19, 25, 45","1, 7","£61,732,489
Rolled"
Tuesday 15th Sep 2020,"16, 20, 25, 30, 38","6, 8","£47,250,235
Rolled"
Friday 11th Sep 2020,"34, 38, 42, 43, 45","9, 12","£37,525,275
Rolled"
Tuesday 8th Sep 2020,"2, 9, 31, 35, 41","9, 12","£24,534,097
Rolled"
Friday 4th Sep 2020,"6, 22, 29, 40, 43","4, 7","£15,174,200
Rolled"
Tuesday 1st Sep 2020,"4, 8, 10, 33, 46","8, 11","£139,992,069"
Friday 28th Aug 2020,"7, 12, 16, 17, 31","7, 9","£126,895,018
Rolled"
Tuesday 25th Aug 2020,"7, 18, 30, 37, 39","8, 10","£112,618,069
Rolled"
Friday 21st Aug 2020,"10, 15, 35, 44, 50","3, 5","£100,807,281
Rolled"
Tuesday 18th Aug 2020,"6, 12, 17, 34, 42","5, 12","£87,266,444
Rolled"
Friday 14th Aug 2020,"9, 10, 19, 42, 49","4, 12","£77,977,112
Rolled"
Tuesday 11th Aug 2020,"8, 13, 14, 42, 50","3, 9","£66,130,274
Rolled"
Friday 7th Aug 2020,"5, 20, 21, 36, 41","6, 11","£57,863,944
Rolled"
Tuesday 4th Aug 2020,"1, 2, 5, 15, 42","5, 8","£44,373,299
Rolled"
Friday 31st Jul 2020,"21, 24, 30, 46, 49","2, 5","£35,077,775
Rolled"
Tuesday 28th Jul 2020,"9, 13, 15, 17, 34","2, 7","£23,795,774
Rolled"
Friday 24th Jul 2020,"8, 9, 27, 28, 50","4, 12","£15,483,600
Rolled"
Tuesday 21st Jul 2020,"14, 15, 24, 29, 42","2, 4","£44,865,863"
Friday 17th Jul 2020,"7, 15, 27, 41, 43","7, 9","£35,838,894
Rolled"
Tuesday 14th Jul 2020,"11, 22, 30, 37, 47","9, 10","£24,013,488
Rolled"
Friday 10th Jul 2020,"15, 17, 23, 30, 38","2, 7","£15,225,200
Rolled"
Tuesday 7th Jul 2020,"12, 16, 23, 33, 41","8, 10","£130,059,174"
Friday 3rd Jul 2020,"4, 16, 27, 37, 39","3, 6","£117,260,000
Rolled"
Tuesday 30th Jun 2020,"1, 6, 11, 28, 42","2, 10","£56,510,237
Rolled"
Friday 26th Jun 2020,"1, 10, 12, 21, 26","5, 11","£46,859,882
Rolled"
Tuesday 23rd Jun 2020,"2, 12, 19, 46, 49","1, 8","£34,732,623
Rolled"
Friday 19th Jun 2020,"5, 14, 19, 24, 43","3, 11","£26,333,468
Rolled"
Tuesday 16th Jun 2020,"4, 9, 11, 17, 39","2, 10","£15,245,600
Rolled"
Friday 12th Jun 2020,"2, 24, 39, 45, 46","4, 8","£46,399,553"
Tuesday 9th Jun 2020,"5, 15, 27, 36, 46","2, 8","£34,451,775
Rolled"
Friday 5th Jun 2020,"5, 11, 17, 24, 37","3, 6","£25,999,539
Rolled"
Tuesday 2nd Jun 2020,"10, 12, 22, 26, 49","7, 11","£15,148,700
Rolled"
Friday 29th May 2020,"4, 8, 11, 19, 46","4, 8","£15,294,900"
Tuesday 26th May 2020,"4, 9, 14, 21, 27","4, 6","£16,530,705.70"
Friday 22nd May 2020,"3, 18, 22, 27, 32","2, 7","£25,387,006
Rolled"
Tuesday 19th May 2020,"5, 25, 32, 37, 43","6, 7","£15,170,800
Rolled"
Friday 15th May 2020,"11, 23, 32, 34, 39","1, 6","£65,175,962"
Tuesday 12th May 2020,"9, 16, 29, 37, 39","4, 11","£56,472,701
Rolled"
Friday 8th May 2020,"8, 25, 32, 33, 38","7, 9","£49,837,132
Rolled"
Tuesday 5th May 2020,"2, 10, 22, 27, 41","2, 3","£42,596,857
Rolled"
Friday 1st May 2020,"19, 20, 38, 45, 47","2, 6","£36,228,690
Rolled"
Tuesday 28th Apr 2020,"15, 23, 26, 28, 32","1, 5","£28,167,968
Rolled"
Friday 24th Apr 2020,"1, 5, 19, 21, 28","4, 7","£22,310,697
Rolled"
Tuesday 21st Apr 2020,"10, 11, 14, 23, 28","6, 8","£15,026,300
Rolled"
Friday 17th Apr 2020,"16, 28, 32, 37, 45","1, 11","£58,366,487.50"
Tuesday 14th Apr 2020,"6, 29, 34, 35, 40","4, 11","£51,538,058
Rolled"
Friday 10th Apr 2020,"3, 10, 17, 33, 39","1, 4","£46,937,085
Rolled"
Tuesday 7th Apr 2020,"4, 5, 14, 33, 48","7, 12","£40,506,751
Rolled"
Friday 3rd Apr 2020,"16, 19, 34, 46, 50","2, 6","£34,546,128
Rolled"
Tuesday 31st Mar 2020,"12, 17, 24, 30, 36","1, 9","£27,308,650
Rolled"
Friday 27th Mar 2020,"11, 14, 27, 41, 46","2, 3","£22,095,531
Rolled"
Tuesday 24th Mar 2020,"7, 12, 26, 30, 33","10, 11","£15,621,300
Rolled"
Friday 20th Mar 2020,"3, 9, 20, 34, 40","6, 12","£15,696,100"
Tuesday 17th Mar 2020,"5, 7, 8, 16, 20","2, 12","£57,869,670"
Friday 13th Mar 2020,"3, 11, 21, 27, 36","9, 10","£50,321,191
Rolled"
Tuesday 10th Mar 2020,"11, 23, 30, 37, 43","5, 12","£35,567,254
Rolled"
Friday 6th Mar 2020,"15, 38, 43, 45, 46","1, 11","£26,423,336
Rolled"
Tuesday 3rd Mar 2020,"4, 14, 27, 44, 45","1, 10","£14,841,000
Rolled"
Friday 28th Feb 2020,"8, 11, 20, 22, 23","3, 4","£57,826,962"
Tuesday 25th Feb 2020,"1, 4, 18, 27, 42","4, 6","£43,515,336
Rolled"
Friday 21st Feb 2020,"7, 23, 30, 32, 45","5, 9","£34,421,724
Rolled"
Tuesday 18th Feb 2020,"11, 32, 34, 38, 47","2, 10","£22,469,712
Rolled"
Friday 14th Feb 2020,"5, 20, 35, 41, 49","6, 10","£14,140,600
Rolled"
Tuesday 11th Feb 2020,"24, 26, 32, 43, 46","6, 10","£14,342,900"
Friday 7th Feb 2020,"9, 15, 17, 25, 40","3, 9","£110,500,000"
Tuesday 4th Feb 2020,"21, 23, 33, 35, 47","6, 7","£34,634,832
Rolled"
Friday 31st Jan 2020,"13, 18, 20, 23, 30","2, 4","£24,336,652
Rolled"
Tuesday 28th Jan 2020,"1, 19, 27, 31, 38","4, 5","£14,409,200
Rolled"
Friday 24th Jan 2020,"3, 4, 6, 9, 24","5, 8","£24,139,851"
Tuesday 21st Jan 2020,"10, 11, 24, 36, 46","3, 5","£14,463,600
Rolled"
Friday 17th Jan 2020,"8, 19, 20, 29, 44","3, 8","£85,964,733"
Tuesday 14th Jan 2020,"21, 25, 29, 39, 44","8, 9","£78,000,490
Rolled"
Friday 10th Jan 2020,"6, 17, 32, 44, 46","2, 6","£71,717,560
Rolled"
Tuesday 7th Jan 2020,"5, 8, 12, 37, 43","6, 11","£64,021,946
Rolled"
Friday 3rd Jan 2020,"5, 15, 20, 36, 47","8, 12","£55,523,057
Rolled"
Friday 31st Dec 2021,"7, 22, 25, 43, 49","6, 7","£14,788,260"
Tuesday 28th Dec 2021,"4, 6, 15, 17, 29","9, 12","£66,903,928"
Friday 24th Dec 2021,"2, 26, 28, 34, 41","5, 10","£58,741,896
Rolled"
Tuesday 21st Dec 2021,"12, 17, 21, 34, 38","2, 3","£44,829,384
Rolled"
Friday 17th Dec 2021,"1, 2, 15, 30, 35","2, 7","£35,175,553
Rolled"
Tuesday 14th Dec 2021,"19, 21, 37, 47, 48","3, 6","£23,257,356
Rolled"
Friday 10th Dec 2021,"11, 21, 33, 38, 42","2, 8","£14,518,000
Rolled"
Tuesday 7th Dec 2021,"22, 31, 38, 46, 47","7, 11","£122,150,223"
Friday 3rd Dec 2021,"21, 22, 29, 32, 46","9, 10","£111,176,000
Rolled"
Tuesday 30th Nov 2021,"19, 20, 26, 33, 43","1, 4","£14,501,000
Rolled"
Friday 26th Nov 2021,"1, 20, 41, 42, 50","3, 7","£137,864,547"
Tuesday 23rd Nov 2021,"17, 21, 36, 42, 46","7, 10","£122,108,668
Rolled"
Friday 19th Nov 2021,"22, 26, 38, 47, 50","2, 6","£111,127,331
Rolled"
Tuesday 16th Nov 2021,"9, 19, 21, 32, 36","3, 4","£98,160,844
Rolled"
Friday 12th Nov 2021,"2, 9, 15, 47, 50","6, 9","£89,439,998
Rolled"
Tuesday 9th Nov 2021,"17, 25, 26, 33, 36","1, 8","£77,468,576
Rolled"
Friday 5th Nov 2021,"2, 12, 25, 30, 41","8, 11","£68,724,444
Rolled"
Tuesday 2nd Nov 2021,"2, 3, 17, 29, 43","1, 4","£57,114,246
Rolled"
Friday 29th Oct 2021,"10, 15, 28, 32, 49","3, 9","£47,441,476
Rolled"
Tuesday 26th Oct 2021,"12, 15, 20, 42, 44","1, 2","£34,759,941
Rolled"
Friday 22nd Oct 2021,"12, 17, 22, 33, 39","2, 12","£26,052,151
Rolled"
Tuesday 19th Oct 2021,"4, 20, 36, 40, 41","1, 6","£14,348,000
Rolled"
Friday 15th Oct 2021,"21, 26, 31, 34, 49","2, 5","£185,548,000"
Tuesday 12th Oct 2021,"6, 13, 22, 45, 49","10, 11","£186,780,000
Rolled"
Friday 8th Oct 2021,"1, 10, 23, 42, 46","3, 5","£174,236,090
Rolled"
Tuesday 5th Oct 2021,"11, 13, 14, 36, 45","7, 9","£153,912,260
Rolled"
Friday 1st Oct 2021,"1, 15, 19, 26, 48","6, 12","£140,503,213
Rolled"
Tuesday 28th Sep 2021,"6, 7, 12, 33, 39","1, 7","£124,787,147
Rolled"
Friday 24th Sep 2021,"2, 12, 20, 27, 41","10, 12","£111,514,000
Rolled"
Tuesday 21st Sep 2021,"20, 25, 26, 30, 38","2, 8","£43,202,295
Rolled"
Friday 17th Sep 2021,"5, 7, 8, 10, 34","1, 9","£33,997,943
Rolled"
Tuesday 14th Sep 2021,"12, 18, 35, 38, 45","2, 8","£22,635,401
Rolled"
Friday 10th Sep 2021,"1, 6, 7, 18, 28","2, 8","£14,519,700
Rolled"
Tuesday 7th Sep 2021,"7, 19, 35, 42, 43","7, 9","£22,846,891"
Friday 3rd Sep 2021,"5, 7, 13, 29, 35","3, 7","£14,572,400
Rolled"
Tuesday 31st Aug 2021,"5, 13, 17, 32, 43","2, 10","£18,204,387.20"
Friday 27th Aug 2021,"2, 3, 31, 46, 50","8, 12","£45,496,988
Rolled"
Tuesday 24th Aug 2021,"19, 21, 36, 44, 50","3, 10","£33,769,472
Rolled"
Friday 20th Aug 2021,"3, 9, 19, 20, 23","9, 11","£25,427,047
Rolled"
Tuesday 17th Aug 2021,"12, 31, 41, 42, 47","4, 6","£14,502,700
Rolled"
Friday 13th Aug 2021,"6, 12, 44, 47, 49","8, 12","£96,295,864"
Tuesday 10th Aug 2021,"9, 37, 47, 48, 49","2, 7","£80,768,518
Rolled"
Friday 6th Aug 2021,"7, 14, 21, 26, 32","4, 12","£71,953,143
Rolled"
Tuesday 3rd Aug 2021,"17, 21, 23, 45, 46","7, 11","£61,543,198
Rolled"
Friday 30th Jul 2021,"10, 23, 33, 35, 37","5, 10","£53,612,736
Rolled"
Tuesday 27th Jul 2021,"5, 9, 19, 21, 25","10, 12","£41,620,685
Rolled"
Friday 23rd Jul 2021,"23, 24, 26, 34, 50","2, 4","£33,265,919
Rolled"
Tuesday 20th Jul 2021,"3, 12, 19, 41, 48","6, 9","£22,680,547
Rolled"
Friday 16th Jul 2021,"5, 16, 42, 47, 49","3, 11","£14,591,100
Rolled"
Tuesday 13th Jul 2021,"5, 6, 8, 11, 22","3, 4","£22,605,876"
Friday 9th Jul 2021,"6, 19, 36, 37, 49","4, 11","£14,545,200
Rolled"
Tuesday 6th Jul 2021,"2, 5, 21, 27, 42","9, 11","£14,572,400"
Friday 2nd Jul 2021,"9, 14, 29, 38, 49","7, 10","£66,920,458"
Tuesday 29th Jun 2021,"6, 12, 20, 24, 48","5, 6","£55,319,641
Rolled"
Friday 25th Jun 2021,"1, 29, 30, 33, 36","3, 12","£46,189,363
Rolled"
Tuesday 22nd Jun 2021,"6, 24, 26, 27, 41","3, 8","£34,205,994
Rolled"
Friday 18th Jun 2021,"11, 20, 27, 30, 41","3, 5","£25,792,320
Rolled"
Tuesday 15th Jun 2021,"11, 21, 26, 30, 31","2, 3","£14,650,600
Rolled"
Friday 11th Jun 2021,"9, 17, 21, 33, 39","7, 11","£26,086,547"
Tuesday 8th Jun 2021,"2, 11, 26, 36, 47","7, 9","£14,630,200
Rolled"
Friday 4th Jun 2021,"7, 20, 36, 40, 46","2, 4","£111,540,000"
Tuesday 1st Jun 2021,"3, 10, 26, 35, 44","6, 7","£76,697,764
Rolled"
Friday 28th May 2021,"11, 13, 16, 34, 40","1, 12","£67,621,751
Rolled"
Tuesday 25th May 2021,"1, 21, 26, 30, 38","2, 8","£57,062,224
Rolled"
Friday 21st May 2021,"2, 9, 13, 15, 35","3, 10","£47,309,401
Rolled"
Tuesday 18th May 2021,"5, 13, 38, 39, 40","4, 12","£35,026,951
Rolled"
Friday 14th May 2021,"6, 16, 18, 29, 38","6, 11","£26,067,927
Rolled"
Tuesday 11th May 2021,"14, 25, 34, 43, 46","5, 6","£14,611,500
Rolled"
Friday 7th May 2021,"14, 22, 33, 38, 47","8, 9","£60,398,926"
Tuesday 4th May 2021,"3, 10, 13, 28, 46","4, 11","£46,934,848
Rolled"
Friday 30th Apr 2021,"1, 16, 24, 28, 46","2, 11","£37,822,859
Rolled"
Tuesday 27th Apr 2021,"13, 14, 24, 35, 49","1, 10","£23,689,352
Rolled"
Friday 23rd Apr 2021,"3, 14, 15, 19, 29","2, 8","£14,818,900
Rolled"
Tuesday 20th Apr 2021,"5, 17, 28, 41, 46","10, 11","£59,041,812.70"
Friday 16th Apr 2021,"6, 11, 29, 40, 48","5, 9","£49,320,956
Rolled"
Tuesday 13th Apr 2021,"16, 20, 31, 47, 50","2, 8","£36,649,681
Rolled"
Friday 9th Apr 2021,"2, 8, 32, 35, 44","8, 11","£27,117,635
Rolled"
Tuesday 6th Apr 2021,"2, 21, 37, 38, 50","7, 8","£14,611,500
Rolled"
Friday 2nd Apr 2021,"4, 21, 34, 40, 47","2, 5","£122,550,350.80"
Tuesday 30th Mar 2021,"24, 27, 28, 29, 42","4, 8","£109,533,174
Rolled"
Friday 26th Mar 2021,"10, 12, 37, 49, 50","3, 8","£98,680,896
Rolled"
Tuesday 23rd Mar 2021,"2, 26, 29, 36, 49","3, 9","£85,405,694
Rolled"
Friday 19th Mar 2021,"3, 9, 35, 43, 44","1, 10","£75,281,575
Rolled"
Tuesday 16th Mar 2021,"23, 25, 32, 35, 47","2, 6","£62,934,911
Rolled"
Friday 12th Mar 2021,"4, 6, 9, 11, 44","10, 11","£52,197,036
Rolled"
Tuesday 9th Mar 2021,"1, 16, 21, 32, 33","11, 12","£37,825,963
Rolled"
Friday 5th Mar 2021,"4, 5, 39, 46, 48","7, 10","£27,914,329
Rolled"
Tuesday 2nd Mar 2021,"2, 19, 24, 26, 49","6, 7","£14,728,800
Rolled"
Friday 26th Feb 2021,"6, 12, 22, 29, 33","6, 11","£182,028,000"
Tuesday 23rd Feb 2021,"9, 18, 30, 39, 45","1, 3","£180,663,000
Rolled"
Friday 19th Feb 2021,"4, 12, 25, 46, 48","7, 12","£178,761,140
Rolled"
Tuesday 16th Feb 2021,"5, 9, 25, 29, 30","6, 7","£157,644,778
Rolled"
Friday 12th Feb 2021,"7, 23, 30, 32, 36","8, 12","£144,125,471
Rolled"
Tuesday 9th Feb 2021,"5, 10, 24, 31, 37","9, 10","£127,347,464
Rolled"
Friday 5th Feb 2021,"12, 19, 37, 44, 45","2, 6","£114,088,000
Rolled"
Tuesday 2nd Feb 2021,"18, 20, 35, 38, 48","9, 12","£36,764,670
Rolled"
Friday 29th Jan 2021,"1, 5, 27, 36, 42","1, 6","£27,189,645
Rolled"
Tuesday 26th Jan 2021,"5, 7, 25, 37, 40","2, 8","£15,067,100
Rolled"
Friday 22nd Jan 2021,"8, 16, 42, 44, 47","6, 7","£71,712,110"
Tuesday 19th Jan 2021,"25, 27, 31, 35, 43","5, 6","£60,310,182
Rolled"
Friday 15th Jan 2021,"4, 10, 27, 38, 40","3, 11","£50,129,756
Rolled"
Tuesday 12th Jan 2021,"2, 10, 18, 34, 35","6, 9","£37,176,013
Rolled"
Friday 8th Jan 2021,"18, 23, 37, 41, 42","4, 6","£27,784,790
Rolled"
Tuesday 5th Jan 2021,"12, 34, 37, 38, 42","1, 3","£15,352,700
Rolled"
Friday 1st Jan 2021,"16, 28, 32, 44, 48","1, 9","£39,774,466.40"
Friday 30th Dec 2022,"17, 34, 42, 47, 48","1, 9","£15,080,700
Rolled"
Tuesday 27th Dec 2022,"19, 31, 33, 34, 43","3, 5","£23,875,805"
Friday 23rd Dec 2022,"16, 17, 23, 26, 35","5, 11","£14,999,100
Rolled"
Tuesday 20th Dec 2022,"1, 11, 17, 20, 27","4, 5","£45,082,941"
Friday 16th Dec 2022,"2, 15, 19, 35, 44","2, 7","£35,395,096
Rolled"
Tuesday 13th Dec 2022,"3, 9, 12, 26, 30","10, 11","£23,268,384
Rolled"
Friday 9th Dec 2022,"8, 27, 31, 46, 50","1, 3","£14,614,900
Rolled"
Tuesday 6th Dec 2022,"12, 20, 25, 26, 27","8, 12","£123,320,251"
Friday 2nd Dec 2022,"12, 21, 35, 39, 45","6, 11","£111,540,000
Rolled"
Tuesday 29th Nov 2022,"15, 20, 24, 35, 38","8, 12","£75,920,333
Rolled"
Friday 25th Nov 2022,"19, 21, 35, 37, 39","2, 6","£67,132,541
Rolled"
Tuesday 22nd Nov 2022,"21, 22, 24, 29, 42","3, 11","£56,748,589
Rolled"
Friday 18th Nov 2022,"13, 16, 19, 35, 41","1, 11","£47,550,303
Rolled"
Tuesday 15th Nov 2022,"13, 21, 24, 31, 33","1, 12","£35,479,091
Rolled"
Friday 11th Nov 2022,"2, 19, 24, 25, 44","2, 10","£26,494,350
Rolled"
Tuesday 8th Nov 2022,"3, 5, 32, 33, 50","1, 8","£14,856,300
Rolled"
Friday 4th Nov 2022,"2, 11, 37, 45, 47","2, 3","£140,883,229"
Tuesday 1st Nov 2022,"19, 37, 42, 47, 48","1, 6","£122,547,643
Rolled"
Friday 28th Oct 2022,"14, 16, 21, 28, 35","1, 11","£111,894,067
Rolled"
Tuesday 25th Oct 2022,"7, 24, 34, 39, 46","1, 6","£100,076,816
Rolled"
Friday 21st Oct 2022,"25, 26, 28, 38, 40","1, 6","£90,544,468
Rolled"
Tuesday 18th Oct 2022,"3, 5, 13, 42, 48","1, 6","£78,341,770
Rolled"
Friday 14th Oct 2022,"24, 28, 29, 34, 48","3, 7","£69,613,418
Rolled"
Tuesday 11th Oct 2022,"8, 23, 32, 35, 40","1, 8","£59,380,835
Rolled"
Friday 7th Oct 2022,"26, 27, 42, 45, 50","1, 12","£49,259,271
Rolled"
Tuesday 4th Oct 2022,"3, 18, 28, 42, 43","3, 12","£36,121,026
Rolled"
Friday 30th Sep 2022,"1, 2, 11, 16, 26","3, 12","£27,036,551
Rolled"
Tuesday 27th Sep 2022,"4, 20, 21, 34, 44","1, 3","£15,232,000
Rolled"
Friday 23rd Sep 2022,"14, 15, 22, 35, 48","3, 8","£171,815,297.80"
Tuesday 20th Sep 2022,"11, 21, 23, 32, 48","3, 12","£152,925,599
Rolled"
Friday 16th Sep 2022,"10, 27, 36, 45, 49","3, 4","£140,833,357
Rolled"
Tuesday 13th Sep 2022,"9, 12, 15, 40, 47","1, 11","£124,482,154
Rolled"
Friday 9th Sep 2022,"17, 23, 24, 26, 27","4, 9","£112,723,000
Rolled"
Tuesday 6th Sep 2022,"7, 10, 22, 29, 44","4, 5","£14,626,800
Rolled"
Friday 2nd Sep 2022,"7, 12, 13, 20, 45","3, 12","£110,978,200.90"
Tuesday 30th Aug 2022,"4, 6, 10, 15, 19","1, 4","£97,113,219
Rolled"
Friday 26th Aug 2022,"22, 23, 25, 38, 44","11, 12","£86,284,946
Rolled"
Tuesday 23rd Aug 2022,"19, 26, 31, 39, 48","2, 3","£73,999,475
Rolled"
Friday 19th Aug 2022,"2, 9, 13, 19, 38","2, 6","£66,099,798
Rolled"
Tuesday 16th Aug 2022,"10, 14, 25, 32, 39","7, 8","£55,133,982
Rolled"
Friday 12th Aug 2022,"14, 17, 34, 35, 42","6, 10","£46,494,644
Rolled"
Tuesday 9th Aug 2022,"18, 19, 21, 27, 47","5, 11","£34,583,514
Rolled"
Friday 5th Aug 2022,"3, 29, 33, 35, 44","8, 10","£25,623,593
Rolled"
Tuesday 2nd Aug 2022,"7, 18, 28, 40, 48","8, 11","£14,220,500
Rolled"
Friday 29th Jul 2022,"3, 23, 38, 43, 48","3, 8","£35,051,148"
Tuesday 26th Jul 2022,"3, 5, 17, 25, 27","1, 9","£23,142,411
Rolled"
Friday 22nd Jul 2022,"16, 18, 29, 32, 50","4, 11","£14,482,300
Rolled"
Tuesday 19th Jul 2022,"6, 23, 27, 40, 41","2, 12","£195,707,000"
Friday 15th Jul 2022,"9, 17, 29, 38, 39","7, 10","£195,546,000
Rolled"
Tuesday 12th Jul 2022,"14, 18, 24, 25, 50","6, 11","£194,189,000
Rolled"
Friday 8th Jul 2022,"28, 31, 35, 43, 46","4, 7","£194,810,000
Rolled"
Tuesday 5th Jul 2022,"7, 10, 25, 45, 48","3, 6","£185,077,898
Rolled"
Friday 1st Jul 2022,"6, 18, 24, 34, 46","3, 12","£169,466,829
Rolled"
Tuesday 28th Jun 2022,"10, 35, 42, 47, 48","2, 11","£152,102,048
Rolled"
Friday 24th Jun 2022,"10, 17, 28, 44, 50","8, 12","£138,565,344
Rolled"
Tuesday 21st Jun 2022,"6, 23, 36, 39, 47","8, 10","£123,428,111
Rolled"
Friday 17th Jun 2022,"19, 21, 22, 31, 38","7, 11","£111,761,000
Rolled"
Tuesday 14th Jun 2022,"2, 7, 27, 34, 40","3, 11","£14,824,000
Rolled"
Friday 10th Jun 2022,"17, 26, 36, 37, 40","9, 12","£54,957,242.50"
Tuesday 7th Jun 2022,"6, 16, 17, 25, 31","2, 6","£42,921,837
Rolled"
Friday 3rd Jun 2022,"12, 28, 29, 34, 48","9, 11","£34,490,264
Rolled"
Tuesday 31st May 2022,"3, 10, 13, 42, 49","3, 9","£22,894,587
Rolled"
Friday 27th May 2022,"15, 23, 28, 34, 48","3, 5","£14,456,800
Rolled"
Tuesday 24th May 2022,"10, 13, 27, 36, 37","2, 10","£43,463,036"
Friday 20th May 2022,"8, 22, 23, 32, 50","3, 9","£34,161,724
Rolled"
Tuesday 17th May 2022,"5, 28, 30, 48, 49","5, 11","£22,703,208
Rolled"
Friday 13th May 2022,"3, 11, 17, 45, 48","4, 8","£14,463,600
Rolled"
Tuesday 10th May 2022,"3, 25, 27, 28, 29","4, 9","£184,262,899.10"
Friday 6th May 2022,"3, 8, 18, 24, 40","3, 11","£167,246,203
Rolled"
Tuesday 3rd May 2022,"8, 20, 26, 47, 48","3, 8","£146,807,728
Rolled"
Friday 29th Apr 2022,"10, 11, 20, 36, 37","3, 7","£133,283,578
Rolled"
Tuesday 26th Apr 2022,"4, 25, 28, 34, 45","8, 11","£117,647,597
Rolled"
Friday 22nd Apr 2022,"6, 11, 21, 35, 36","1, 9","£105,610,620
Rolled"
Tuesday 19th Apr 2022,"2, 12, 17, 28, 46","6, 10","£91,127,452
Rolled"
Friday 15th Apr 2022,"6, 24, 30, 32, 48","5, 6","£82,217,272
Rolled"
Tuesday 12th Apr 2022,"21, 30, 31, 35, 47","2, 10","£72,305,405
Rolled"
Friday 8th Apr 2022,"1, 15, 16, 38, 45","4, 11","£64,389,965
Rolled"
Tuesday 5th Apr 2022,"1, 11, 13, 24, 49","5, 6","£54,201,384
Rolled"
Friday 1st Apr 2022,"2, 7, 21, 31, 45","4, 10","£45,807,063
Rolled"
Tuesday 29th Mar 2022,"8, 11, 33, 42, 43","6, 11","£34,147,332
Rolled"
Friday 25th Mar 2022,"6, 10, 24, 27, 29","5, 12","£25,518,127
Rolled"
Tuesday 22nd Mar 2022,"7, 17, 21, 29, 40","8, 11","£14,152,500
Rolled"
Friday 18th Mar 2022,"1, 9, 14, 17, 43","6, 12","£44,997,255"
Tuesday 15th Mar 2022,"1, 2, 12, 19, 26","2, 8","£33,625,791
Rolled"
Friday 11th Mar 2022,"12, 19, 22, 23, 48","2, 6","£25,219,181
Rolled"
Tuesday 8th Mar 2022,"12, 18, 21, 25, 31","2, 9","£14,154,200
Rolled"
Friday 4th Mar 2022,"6, 20, 40, 42, 43","10, 12","£64,890,075"
Tuesday 1st Mar 2022,"8, 24, 26, 39, 42","3, 5","£55,075,675
Rolled"
Friday 25th Feb 2022,"10, 13, 24, 30, 42","1, 5","£46,332,113
Rolled"
Tuesday 22nd Feb 2022,"5, 9, 14, 26, 32","3, 7","£34,210,472
Rolled"
Friday 18th Feb 2022,"25, 38, 41, 43, 50","6, 10","£25,336,094
Rolled"
Tuesday 15th Feb 2022,"9, 20, 31, 33, 44","2, 12","£14,281,700
Rolled"
Friday 11th Feb 2022,"13, 18, 38, 42, 45","7, 11","£25,905,357"
Tuesday 8th Feb 2022,"6, 20, 34, 37, 43","7, 10","£14,339,500
Rolled"
Friday 4th Feb 2022,"3, 25, 38, 43, 49","3, 7","£109,915,000"
Tuesday 1st Feb 2022,"1, 19, 36, 38, 49","6, 9","£52,442,757
Rolled"
Friday 28th Jan 2022,"10, 25, 29, 34, 45","9, 10","£42,779,117
Rolled"
Tuesday 25th Jan 2022,"6, 16, 18, 39, 47","2, 4","£30,632,619
Rolled"
Friday 21st Jan 2022,"5, 14, 35, 36, 39","7, 12","£21,857,937
Rolled"
Tuesday 18th Jan 2022,"3, 12, 19, 24, 30","2, 5","£56,246,458"
Friday 14th Jan 2022,"6, 17, 25, 31, 46","9, 12","£46,600,782
Rolled"
Tuesday 11th Jan 2022,"4, 23, 32, 33, 44","9, 12","£34,392,715
Rolled"
Friday 7th Jan 2022,"2, 14, 37, 44, 50","7, 11","£25,451,971
Rolled"
Tuesday 4th Jan 2022,"18, 28, 35, 36, 41","6, 11","£14,189,900
Rolled"
Friday 29th Dec 2023,"2, 3, 19, 36, 37","6, 9","£26,478,414
Rolled"
Tuesday 26th Dec 2023,"8, 27, 30, 35, 47","9, 10","£14,761,100
Rolled"
Friday 22nd Dec 2023,"6, 14, 34, 44, 49","4, 12","£48,293,103"
Tuesday 19th Dec 2023,"10, 20, 41, 43, 45","2, 12","£34,944,314
Rolled"
Friday 15th Dec 2023,"2, 13, 37, 38, 48","5, 9","£26,077,370
Rolled"
Tuesday 12th Dec 2023,"6, 28, 37, 39, 43","9, 12","£14,613,200
Rolled"
Friday 8th Dec 2023,"17, 30, 42, 48, 50","4, 8","£206,064,000"
Tuesday 5th Dec 2023,"4, 6, 20, 24, 25","5, 9","£187,781,097
Rolled"
Friday 1st Dec 2023,"4, 10, 14, 38, 50","9, 12","£171,360,000
Rolled"
Tuesday 28th Nov 2023,"12, 16, 27, 33, 44","7, 8","£71,962,515"
Friday 24th Nov 2023,"15, 20, 29, 39, 48","1, 7","£64,035,895
Rolled"
Tuesday 21st Nov 2023,"19, 29, 34, 46, 47","2, 3","£53,979,641
Rolled"
Friday 17th Nov 2023,"2, 24, 26, 46, 50","2, 7","£45,465,075
Rolled"
Tuesday 14th Nov 2023,"13, 16, 36, 44, 50","3, 5","£33,793,154
Rolled"
Friday 10th Nov 2023,"10, 21, 30, 38, 42","2, 12","£25,756,383
Rolled"
Tuesday 7th Nov 2023,"8, 10, 11, 30, 39","4, 10","£14,805,300
Rolled"
Friday 3rd Nov 2023,"8, 21, 31, 39, 47","5, 9","£27,069,201"
Tuesday 31st Oct 2023,"5, 7, 20, 40, 50","2, 10","£14,812,100
Rolled"
Friday 27th Oct 2023,"29, 33, 35, 48, 49","3, 8","£14,832,500"
Tuesday 24th Oct 2023,"8, 16, 18, 31, 34","6, 9","£22,890,578"
Friday 20th Oct 2023,"2, 20, 28, 40, 45","1, 5","£14,822,300
Rolled"
Tuesday 17th Oct 2023,"10, 17, 20, 35, 40","3, 4","£58,485,999"
Friday 13th Oct 2023,"21, 26, 28, 40, 41","2, 4","£49,110,551
Rolled"
Tuesday 10th Oct 2023,"18, 20, 22, 33, 43","3, 9","£34,588,543
Rolled"
Friday 6th Oct 2023,"21, 29, 31, 34, 43","2, 9","£26,109,833
Rolled"
Tuesday 3rd Oct 2023,"6, 20, 22, 24, 45","4, 5","£14,752,600
Rolled"
Friday 29th Sep 2023,"9, 11, 13, 21, 32","2, 7","£112,723,000"
Tuesday 26th Sep 2023,"2, 6, 14, 19, 23","5, 7","£34,891,934
Rolled"
Friday 22nd Sep 2023,"3, 23, 24, 34, 35","5, 8","£26,145,484
Rolled"
Tuesday 19th Sep 2023,"10, 15, 31, 41, 42","2, 5","£14,657,400
Rolled"
Friday 15th Sep 2023,"12, 14, 21, 45, 48","8, 11","£47,263,989.80"
Tuesday 12th Sep 2023,"5, 14, 36, 40, 42","2, 11","£34,196,431
Rolled"
Friday 8th Sep 2023,"10, 20, 21, 26, 33","3, 4","£25,673,828
Rolled"
Tuesday 5th Sep 2023,"1, 7, 24, 41, 48","10, 12","£14,526,500
Rolled"
Friday 1st Sep 2023,"4, 5, 35, 37, 43","5, 6","£93,555,381"
Tuesday 29th Aug 2023,"21, 23, 32, 40, 49","8, 11","£81,076,005
Rolled"
Friday 25th Aug 2023,"16, 17, 34, 35, 44","5, 10","£72,007,686
Rolled"
Tuesday 22nd Aug 2023,"2, 9, 23, 32, 40","6, 7","£60,733,663
Rolled"
Friday 18th Aug 2023,"23, 25, 30, 44, 47","9, 12","£52,979,607
Rolled"
Tuesday 15th Aug 2023,"3, 5, 9, 32, 43","6, 10","£41,619,162
Rolled"
Friday 11th Aug 2023,"4, 6, 10, 13, 34","3, 5","£33,701,388
Rolled"
Tuesday 8th Aug 2023,"8, 9, 33, 35, 40","3, 6","£22,733,867
Rolled"
Friday 4th Aug 2023,"15, 20, 31, 44, 48","1, 3","£14,688,000
Rolled"
Tuesday 1st Aug 2023,"25, 27, 35, 40, 45","7, 11","£62,072,865"
Friday 28th Jul 2023,"7, 32, 33, 34, 38","6, 9","£53,782,090
Rolled"
Tuesday 25th Jul 2023,"5, 7, 11, 27, 37","6, 12","£41,977,767
Rolled"
Friday 21st Jul 2023,"7, 31, 33, 35, 36","7, 10","£33,716,628
Rolled"
Tuesday 18th Jul 2023,"4, 12, 34, 35, 45","1, 9","£22,669,005
Rolled"
Friday 14th Jul 2023,"5, 8, 29, 35, 48","5, 6","£14,587,700
Rolled"
Tuesday 11th Jul 2023,"2, 11, 28, 42, 48","4, 9","£62,263,297.80"
Friday 7th Jul 2023,"2, 11, 12, 19, 38","4, 8","£54,578,549
Rolled"
Tuesday 4th Jul 2023,"14, 17, 23, 36, 44","2, 8","£42,683,435
Rolled"
Friday 30th Jun 2023,"1, 6, 25, 29, 36","7, 10","£33,841,817
Rolled"
Tuesday 27th Jun 2023,"17, 22, 23, 27, 44","1, 7","£22,677,891
Rolled"
Friday 23rd Jun 2023,"1, 3, 11, 33, 46","10, 11","£14,575,800
Rolled"
Tuesday 20th Jun 2023,"11, 17, 28, 32, 35","5, 6","£55,013,819"
Friday 16th Jun 2023,"7, 26, 34, 41, 44","9, 11","£45,828,914
Rolled"
Tuesday 13th Jun 2023,"15, 16, 21, 41, 50","5, 6","£34,278,403
Rolled"
Friday 9th Jun 2023,"18, 26, 36, 41, 50","11, 12","£25,664,210
Rolled"
Tuesday 6th Jun 2023,"13, 21, 32, 39, 50","2, 10","£14,642,100
Rolled"
Friday 2nd Jun 2023,"3, 12, 15, 25, 43","10, 11","£111,709,000"
Tuesday 30th May 2023,"27, 29, 32, 33, 47","2, 8","£75,373,366
Rolled"
Friday 26th May 2023,"15, 25, 37, 38, 41","1, 7","£67,468,716
Rolled"
Tuesday 23rd May 2023,"5, 6, 14, 23, 34","2, 11","£56,740,038
Rolled"
Friday 19th May 2023,"18, 27, 34, 41, 49","3, 9","£47,431,501
Rolled"
Tuesday 16th May 2023,"4, 6, 9, 14, 37","4, 11","£35,570,682
Rolled"
Friday 12th May 2023,"9, 10, 13, 39, 44","4, 6","£26,606,452
Rolled"
Tuesday 9th May 2023,"13, 17, 21, 28, 46","7, 9","£14,788,300
Rolled"
Friday 5th May 2023,"3, 8, 18, 34, 49","3, 7","£138,628,153.50"
Tuesday 2nd May 2023,"7, 32, 44, 47, 48","7, 8","£124,819,178
Rolled"
Friday 28th Apr 2023,"11, 13, 16, 23, 34","1, 10","£113,251,141
Rolled"
Tuesday 25th Apr 2023,"10, 29, 30, 40, 45","1, 12","£100,207,415
Rolled"
Friday 21st Apr 2023,"7, 8, 18, 33, 42","2, 8","£89,830,507
Rolled"
Tuesday 18th Apr 2023,"17, 21, 23, 35, 37","10, 11","£76,233,786
Rolled"
Friday 14th Apr 2023,"4, 11, 37, 44, 49","6, 7","£67,887,691
Rolled"
Tuesday 11th Apr 2023,"10, 14, 16, 19, 29","2, 10","£56,485,517
Rolled"
Friday 7th Apr 2023,"5, 26, 28, 36, 46","6, 12","£47,438,874
Rolled"
Tuesday 4th Apr 2023,"10, 16, 31, 33, 50","3, 8","£35,463,718
Rolled"
Friday 31st Mar 2023,"16, 18, 28, 34, 47","5, 10","£26,659,604
Rolled"
Tuesday 28th Mar 2023,"16, 21, 34, 36, 44","9, 10","£14,954,900
Rolled"
Friday 24th Mar 2023,"5, 12, 25, 36, 46","6, 10","£58,372,984"
Tuesday 21st Mar 2023,"1, 9, 20, 29, 32","2, 3","£45,645,985
Rolled"
Friday 17th Mar 2023,"5, 15, 26, 37, 49","8, 11","£35,918,139
Rolled"
Tuesday 14th Mar 2023,"16, 26, 28, 31, 46","11, 12","£23,965,886
Rolled"
Friday 10th Mar 2023,"9, 16, 37, 38, 48","2, 7","£15,045,000
Rolled"
Tuesday 7th Mar 2023,"11, 13, 24, 35, 50","6, 11","£129,396,973"
Friday 3rd Mar 2023,"3, 6, 8, 24, 50","10, 11","£114,855,000
Rolled"
Tuesday 28th Feb 2023,"12, 29, 33, 37, 47","5, 10","£14,937,900
Rolled"
Friday 24th Feb 2023,"7, 23, 34, 42, 48","1, 3","£90,371,760"
Tuesday 21st Feb 2023,"21, 22, 34, 41, 49","2, 7","£77,415,556
Rolled"
Friday 17th Feb 2023,"8, 23, 27, 42, 45","1, 9","£69,376,023
Rolled"
Tuesday 14th Feb 2023,"24, 26, 38, 43, 46","2, 3","£55,753,429
Rolled"
Friday 10th Feb 2023,"3, 13, 25, 36, 47","3, 8","£45,930,816
Rolled"
Tuesday 7th Feb 2023,"2, 8, 34, 44, 47","3, 9","£33,306,456
Rolled"
Friday 3rd Feb 2023,"2, 14, 17, 32, 45","3, 10","£24,084,384
Rolled"
Tuesday 31st Jan 2023,"7, 12, 19, 33, 43","3, 7","£58,309,892"
Friday 27th Jan 2023,"8, 9, 15, 19, 31","10, 12","£47,780,702
Rolled"
Tuesday 24th Jan 2023,"11, 27, 41, 43, 47","7, 11","£35,443,812
Rolled"
Friday 20th Jan 2023,"3, 6, 13, 40, 42","7, 11","£26,337,501
Rolled"
Tuesday 17th Jan 2023,"18, 21, 30, 46, 50","2, 6","£14,953,200
Rolled"
Friday 13th Jan 2023,"4, 13, 25, 33, 37","5, 10","£60,965,285"
Tuesday 10th Jan 2023,"11, 13, 34, 40, 42","3, 10","£45,400,661
Rolled"
Friday 6th Jan 2023,"16, 31, 35, 44, 45","4, 12","£35,309,699
Rolled"
Tuesday 3rd Jan 2023,"20, 21, 29, 45, 46","3, 10","£23,803,034
Rolled"
Tuesday 28th May 2024,"16, 18, 35, 36, 41","6, 7","£40,682,863
Rolled"
Friday 24th May 2024,"9, 12, 18, 22, 50","1, 3","£32,523,165
Rolled"
Tuesday 21st May 2024,"11, 13, 14, 34, 48","7, 9","£22,076,027
Rolled"
Friday 17th May 2024,"18, 31, 32, 41, 46","1, 10","£14,562,200
Rolled"
Tuesday 14th May 2024,"2, 8, 17, 28, 35","7, 9","£41,933,803"
Friday 10th May 2024,"13, 28, 29, 44, 48","4, 12","£33,335,763
Rolled"
Tuesday 7th May 2024,"35, 36, 41, 42, 45","6, 11","£22,751,465
Rolled"
Friday 3rd May 2024,"6, 9, 10, 30, 49","3, 4","£14,597,900
Rolled"
Tuesday 30th Apr 2024,"13, 22, 24, 33, 47","1, 5","£142,605,492"
Friday 26th Apr 2024,"2, 20, 39, 40, 47","4, 8","£130,290,236
Rolled"
Tuesday 23rd Apr 2024,"6, 9, 11, 32, 49","2, 10","£115,318,610
Rolled"
Friday 19th Apr 2024,"10, 20, 40, 44, 46","1, 3","£104,634,780
Rolled"
Tuesday 16th Apr 2024,"22, 29, 31, 39, 46","3, 7","£90,926,180
Rolled"
Friday 12th Apr 2024,"2, 3, 12, 16, 45","2, 11","£81,652,272
Rolled"
Tuesday 9th Apr 2024,"19, 23, 26, 27, 46","2, 10","£71,095,344
Rolled"
Friday 5th Apr 2024,"13, 18, 26, 35, 37","8, 11","£63,133,397
Rolled"
Tuesday 2nd Apr 2024,"1, 23, 31, 36, 48","5, 8","£52,991,752
Rolled"
Friday 29th Mar 2024,"16, 17, 35, 36, 49","1, 10","£44,637,566
Rolled"
Tuesday 26th Mar 2024,"2, 13, 14, 26, 29","5, 6","£33,474,458
Rolled"
Friday 22nd Mar 2024,"8, 11, 23, 32, 44","9, 10","£25,257,322
Rolled"
Tuesday 19th Mar 2024,"7, 16, 18, 20, 32","1, 3","£14,531,600
Rolled"
Friday 15th Mar 2024,"1, 4, 31, 34, 40","4, 5","£111,228,000"
Tuesday 12th Mar 2024,"13, 19, 30, 38, 46","4, 12","£62,319,725
Rolled"
Friday 8th Mar 2024,"8, 11, 12, 16, 44","4, 7","£54,258,756
Rolled"
Tuesday 5th Mar 2024,"2, 15, 17, 23, 36","3, 8","£42,534,485
Rolled"
Friday 1st Mar 2024,"4, 7, 19, 20, 34","2, 4","£33,832,786
Rolled"
Tuesday 27th Feb 2024,"3, 4, 9, 12, 20","5, 6","£22,668,447
Rolled"
Friday 23rd Feb 2024,"24, 27, 28, 30, 49","1, 12","£14,529,900
Rolled"
Tuesday 20th Feb 2024,"23, 31, 37, 42, 48","3, 7","£62,959,762"
Friday 16th Feb 2024,"8, 13, 14, 24, 26","1, 2","£54,947,313
Rolled"
Tuesday 13th Feb 2024,"13, 17, 18, 20, 46","4, 9","£42,755,567
Rolled"
Friday 9th Feb 2024,"23, 24, 35, 37, 45","9, 12","£34,071,155
Rolled"
Tuesday 6th Feb 2024,"2, 7, 21, 28, 45","5, 11","£22,793,244
Rolled"
Friday 2nd Feb 2024,"13, 20, 23, 27, 42","5, 9","£14,535,000
Rolled"
Tuesday 30th Jan 2024,"5, 10, 19, 27, 30","5, 6","£123,416,462"
Friday 26th Jan 2024,"8, 19, 32, 41, 42","9, 12","£111,176,000
Rolled"
Tuesday 23rd Jan 2024,"14, 23, 39, 48, 50","3, 12","£14,548,600
Rolled"
Friday 19th Jan 2024,"27, 28, 44, 48, 50","7, 12","£14,596,200"
Tuesday 16th Jan 2024,"10, 18, 21, 33, 45","8, 12","£75,779,937"
Friday 12th Jan 2024,"16, 17, 18, 45, 49","9, 12","£67,303,737
Rolled"
Tuesday 9th Jan 2024,"2, 9, 12, 39, 40","1, 3","£55,675,221
Rolled"
Friday 5th Jan 2024,"4, 7, 18, 39, 50","3, 8","£46,379,442
Rolled"
Tuesday 2nd Jan 2024,"7, 15, 18, 46, 49","10, 12","£34,818,330
Rolled"
